cycle,case,source,destination,element_bytes,value
13436,0,0x80800010,0x100000119,1,0x7
13452,0,0x80800011,0x10000011a,1,0x18
13468,0,0x80800012,0x10000011b,1,0x29
13484,0,0x80800013,0x10000011c,1,0x3a
13500,0,0x80800014,0x10000011d,1,0x4b
13516,0,0x80800017,0x100000121,1,0x7e
13532,0,0x80800018,0x100000122,1,0x8f
13548,0,0x80800019,0x100000123,1,0xa0
13564,0,0x8080001a,0x100000124,1,0xb1
13580,0,0x8080001b,0x100000125,1,0xc2
13596,0,0x8080001e,0x100000129,1,0xf5
13612,0,0x8080001f,0x10000012a,1,0x6
13628,0,0x80800020,0x10000012b,1,0x17
13644,0,0x80800021,0x10000012c,1,0x28
13660,0,0x80800022,0x10000012d,1,0x39
38166,1,0x1fffffe11,0x8080101a,1,0x8
38182,1,0x1fffffe12,0x8080101b,1,0x19
38198,1,0x1fffffe13,0x8080101c,1,0x2a
38214,1,0x1fffffe14,0x8080101d,1,0x3b
38230,1,0x1fffffe15,0x8080101e,1,0x4c
38246,1,0x1fffffe18,0x80801022,1,0x7f
38262,1,0x1fffffe19,0x80801023,1,0x90
38278,1,0x1fffffe1a,0x80801024,1,0xa1
38294,1,0x1fffffe1b,0x80801025,1,0xb2
38310,1,0x1fffffe1c,0x80801026,1,0xc3
38326,1,0x1fffffe1f,0x8080102a,1,0xf6
38342,1,0x1fffffe20,0x8080102b,1,0x7
38358,1,0x1fffffe21,0x8080102c,1,0x18
38374,1,0x1fffffe22,0x8080102d,1,0x29
38390,1,0x1fffffe23,0x8080102e,1,0x3a
62712,2,0x80800012,0x1ffffff1b,1,0x9
62728,2,0x80800013,0x1ffffff21,1,0x1a
62744,2,0x80800014,0x1ffffff27,1,0x2b
62760,2,0x80800015,0x1ffffff2d,1,0x3c
62776,2,0x80800016,0x1ffffff33,1,0x4d
62792,2,0x80800019,0x1ffffff1c,1,0x80
62808,2,0x8080001a,0x1ffffff22,1,0x91
62824,2,0x8080001b,0x1ffffff28,1,0xa2
62840,2,0x8080001c,0x1ffffff2e,1,0xb3
62856,2,0x8080001d,0x1ffffff34,1,0xc4
62872,2,0x80800020,0x1ffffff1d,1,0xf7
62888,2,0x80800021,0x1ffffff23,1,0x8
62904,2,0x80800022,0x1ffffff29,1,0x19
62920,2,0x80800023,0x1ffffff2f,1,0x2a
62936,2,0x80800024,0x1ffffff35,1,0x3b
87401,3,0x100000013,0x8080101c,1,0xa
87417,3,0x100000014,0x80801022,1,0x1b
87433,3,0x100000015,0x80801028,1,0x2c
87449,3,0x100000016,0x8080102e,1,0x3d
87465,3,0x100000017,0x80801034,1,0x4e
87481,3,0x10000001a,0x8080101d,1,0x81
87497,3,0x10000001b,0x80801023,1,0x92
87513,3,0x10000001c,0x80801029,1,0xa3
87529,3,0x10000001d,0x8080102f,1,0xb4
87545,3,0x10000001e,0x80801035,1,0xc5
87561,3,0x100000021,0x8080101e,1,0xf8
87577,3,0x100000022,0x80801024,1,0x9
87593,3,0x100000023,0x8080102a,1,0x1a
87609,3,0x100000024,0x80801030,1,0x2b
87625,3,0x100000025,0x80801036,1,0x3c
112168,4,0x80800010,0x1ffffff1a,2,0x1c0b
112184,4,0x80800012,0x1ffffff1c,2,0x3e2d
112200,4,0x80800014,0x1ffffff1e,2,0x604f
112216,4,0x80800016,0x1ffffff20,2,0x8271
112232,4,0x80800018,0x1ffffff22,2,0xa493
112248,4,0x8080001e,0x1ffffff2a,2,0xaf9
112264,4,0x80800020,0x1ffffff2c,2,0x2c1b
112280,4,0x80800022,0x1ffffff2e,2,0x4e3d
112296,4,0x80800024,0x1ffffff30,2,0x705f
112312,4,0x80800026,0x1ffffff32,2,0x9281
112328,4,0x8080002c,0x1ffffff3a,2,0xf8e7
112344,4,0x8080002e,0x1ffffff3c,2,0x1a09
112360,4,0x80800030,0x1ffffff3e,2,0x3c2b
112376,4,0x80800032,0x1ffffff40,2,0x5e4d
112392,4,0x80800034,0x1ffffff42,2,0x806f
137106,5,0x100000012,0x8080101c,2,0x1d0c
137122,5,0x100000014,0x8080101e,2,0x3f2e
137138,5,0x100000016,0x80801020,2,0x6150
137154,5,0x100000018,0x80801022,2,0x8372
137170,5,0x10000001a,0x80801024,2,0xa594
137186,5,0x100000020,0x8080102c,2,0xbfa
137202,5,0x100000022,0x8080102e,2,0x2d1c
137218,5,0x100000024,0x80801030,2,0x4f3e
137234,5,0x100000026,0x80801032,2,0x7160
137250,5,0x100000028,0x80801034,2,0x9382
137266,5,0x10000002e,0x8080103c,2,0xf9e8
137282,5,0x100000030,0x8080103e,2,0x1b0a
137298,5,0x100000032,0x80801040,2,0x3d2c
137314,5,0x100000034,0x80801042,2,0x5f4e
137330,5,0x100000036,0x80801044,2,0x8170
162017,6,0x80800014,0x10000011e,2,0x1e0d
162033,6,0x80800016,0x10000012a,2,0x402f
162049,6,0x80800018,0x100000136,2,0x6251
162065,6,0x8080001a,0x100000142,2,0x8473
162081,6,0x8080001c,0x10000014e,2,0xa695
162097,6,0x80800022,0x100000120,2,0xcfb
162113,6,0x80800024,0x10000012c,2,0x2e1d
162129,6,0x80800026,0x100000138,2,0x503f
162145,6,0x80800028,0x100000144,2,0x7261
162161,6,0x8080002a,0x100000150,2,0x9483
162177,6,0x80800030,0x100000122,2,0xfae9
162193,6,0x80800032,0x10000012e,2,0x1c0b
162209,6,0x80800034,0x10000013a,2,0x3e2d
162225,6,0x80800036,0x100000146,2,0x604f
162241,6,0x80800038,0x100000152,2,0x8271
187045,7,0x1fffffe16,0x80801018,2,0x1f0e
187061,7,0x1fffffe18,0x80801024,2,0x4130
187077,7,0x1fffffe1a,0x80801030,2,0x6352
187093,7,0x1fffffe1c,0x8080103c,2,0x8574
187109,7,0x1fffffe1e,0x80801048,2,0xa796
187125,7,0x1fffffe24,0x8080101a,2,0xdfc
187141,7,0x1fffffe26,0x80801026,2,0x2f1e
187157,7,0x1fffffe28,0x80801032,2,0x5140
187173,7,0x1fffffe2a,0x8080103e,2,0x7362
187189,7,0x1fffffe2c,0x8080104a,2,0x9584
187205,7,0x1fffffe32,0x8080101c,2,0xfbea
187221,7,0x1fffffe34,0x80801028,2,0x1d0c
187237,7,0x1fffffe36,0x80801034,2,0x3f2e
187253,7,0x1fffffe38,0x80801040,2,0x6150
187269,7,0x1fffffe3a,0x8080104c,2,0x8372
212181,8,0x80800010,0x10000011c,4,0x4231200f
212197,8,0x80800014,0x100000120,4,0x86756453
212213,8,0x80800018,0x100000124,4,0xcab9a897
212229,8,0x8080001c,0x100000128,4,0xefdecdb
212245,8,0x80800020,0x10000012c,4,0x5241301f
212261,8,0x8080002c,0x10000013c,4,0x1e0dfceb
212277,8,0x80800030,0x100000140,4,0x6251402f
212293,8,0x80800034,0x100000144,4,0xa6958473
212309,8,0x80800038,0x100000148,4,0xead9c8b7
212325,8,0x8080003c,0x10000014c,4,0x2e1d0cfb
212341,8,0x80800048,0x10000015c,4,0xfae9d8c7
212357,8,0x8080004c,0x100000160,4,0x3e2d1c0b
212373,8,0x80800050,0x100000164,4,0x8271604f
212389,8,0x80800054,0x100000168,4,0xc6b5a493
212405,8,0x80800058,0x10000016c,4,0xaf9e8d7
237505,9,0x1fffffe14,0x80801018,4,0x43322110
237521,9,0x1fffffe18,0x8080101c,4,0x87766554
237537,9,0x1fffffe1c,0x80801020,4,0xcbbaa998
237553,9,0x1fffffe20,0x80801024,4,0xffeeddc
237569,9,0x1fffffe24,0x80801028,4,0x53423120
237585,9,0x1fffffe30,0x80801038,4,0x1f0efdec
237601,9,0x1fffffe34,0x8080103c,4,0x63524130
237617,9,0x1fffffe38,0x80801040,4,0xa7968574
237633,9,0x1fffffe3c,0x80801044,4,0xebdac9b8
237649,9,0x1fffffe40,0x80801048,4,0x2f1e0dfc
237665,9,0x1fffffe4c,0x80801058,4,0xfbead9c8
237681,9,0x1fffffe50,0x8080105c,4,0x3f2e1d0c
237697,9,0x1fffffe54,0x80801060,4,0x83726150
237713,9,0x1fffffe58,0x80801064,4,0xc7b6a594
237729,9,0x1fffffe5c,0x80801068,4,0xbfae9d8
262944,10,0x80800010,0x1ffffff1c,4,0x44332211
262960,10,0x80800014,0x1ffffff34,4,0x88776655
262976,10,0x80800018,0x1ffffff4c,4,0xccbbaa99
262992,10,0x8080001c,0x1ffffff64,4,0x10ffeedd
263008,10,0x80800020,0x1ffffff7c,4,0x54433221
263024,10,0x8080002c,0x1ffffff20,4,0x200ffeed
263040,10,0x80800030,0x1ffffff38,4,0x64534231
263056,10,0x80800034,0x1ffffff50,4,0xa8978675
263072,10,0x80800038,0x1ffffff68,4,0xecdbcab9
263088,10,0x8080003c,0x1ffffff80,4,0x301f0efd
263104,10,0x80800048,0x1ffffff24,4,0xfcebdac9
263120,10,0x8080004c,0x1ffffff3c,4,0x402f1e0d
263136,10,0x80800050,0x1ffffff54,4,0x84736251
263152,10,0x80800054,0x1ffffff6c,4,0xc8b7a695
263168,10,0x80800058,0x1ffffff84,4,0xcfbead9
288361,11,0x100000014,0x80801018,4,0x45342312
288377,11,0x100000018,0x80801030,4,0x89786756
288393,11,0x10000001c,0x80801048,4,0xcdbcab9a
288409,11,0x100000020,0x80801060,4,0x1100efde
288425,11,0x100000024,0x80801078,4,0x55443322
288441,11,0x100000030,0x8080101c,4,0x2110ffee
288457,11,0x100000034,0x80801034,4,0x65544332
288473,11,0x100000038,0x8080104c,4,0xa9988776
288489,11,0x10000003c,0x80801064,4,0xeddccbba
288505,11,0x100000040,0x8080107c,4,0x31200ffe
288521,11,0x10000004c,0x80801020,4,0xfdecdbca
288537,11,0x100000050,0x80801038,4,0x41301f0e
288553,11,0x100000054,0x80801050,4,0x85746352
288569,11,0x100000058,0x80801068,4,0xc9b8a796
288585,11,0x10000005c,0x80801080,4,0xdfcebda
313780,12,0x80800010,0x1ffffff18,8,0x8a79685746352413
313796,12,0x80800018,0x1ffffff20,8,0x1201f0dfcebdac9b
313812,12,0x80800020,0x1ffffff28,8,0x9a89786756453423
313828,12,0x80800028,0x1ffffff30,8,0x221100efdecdbcab
313844,12,0x80800030,0x1ffffff38,8,0xaa99887766554433
313860,12,0x80800048,0x1ffffff58,8,0x4231200ffeeddccb
313876,12,0x80800050,0x1ffffff60,8,0xcab9a89786756453
313892,12,0x80800058,0x1ffffff68,8,0x5241301f0efdecdb
313908,12,0x80800060,0x1ffffff70,8,0xdac9b8a796857463
313924,12,0x80800068,0x1ffffff78,8,0x6251402f1e0dfceb
313940,12,0x80800080,0x1ffffff98,8,0xfae9d8c7b6a59483
313956,12,0x80800088,0x1ffffffa0,8,0x8271604f3e2d1c0b
313972,12,0x80800090,0x1ffffffa8,8,0xaf9e8d7c6b5a493
313988,12,0x80800098,0x1ffffffb0,8,0x9281705f4e3d2c1b
314004,12,0x808000a0,0x1ffffffb8,8,0x1a09f8e7d6c5b4a3
339883,13,0x100000010,0x80801018,8,0x8b7a695847362514
339899,13,0x100000018,0x80801020,8,0x1302f1e0cfbead9c
339915,13,0x100000020,0x80801028,8,0x9b8a796857463524
339931,13,0x100000028,0x80801030,8,0x231201f0dfcebdac
339947,13,0x100000030,0x80801038,8,0xab9a897867564534
339963,13,0x100000048,0x80801058,8,0x43322110ffeeddcc
339979,13,0x100000050,0x80801060,8,0xcbbaa99887766554
339995,13,0x100000058,0x80801068,8,0x534231200ffeeddc
340011,13,0x100000060,0x80801070,8,0xdbcab9a897867564
340027,13,0x100000068,0x80801078,8,0x635241301f0efdec
340043,13,0x100000080,0x80801098,8,0xfbead9c8b7a69584
340059,13,0x100000088,0x808010a0,8,0x837261503f2e1d0c
340075,13,0x100000090,0x808010a8,8,0xbfae9d8c7b6a594
340091,13,0x100000098,0x808010b0,8,0x938271604f3e2d1c
340107,13,0x1000000a0,0x808010b8,8,0x1b0af9e8d7c6b5a4
365952,14,0x80800010,0x100000118,8,0x8c7b6a5948372615
365968,14,0x80800018,0x100000148,8,0x1403f2e1d0bfae9d
365984,14,0x80800020,0x100000178,8,0x9c8b7a6958473625
366000,14,0x80800028,0x1000001a8,8,0x241302f1e0cfbead
366016,14,0x80800030,0x1000001d8,8,0xac9b8a7968574635
366032,14,0x80800048,0x100000120,8,0x4433221100efdecd
366048,14,0x80800050,0x100000150,8,0xccbbaa9988776655
366064,14,0x80800058,0x100000180,8,0x5443322110ffeedd
366080,14,0x80800060,0x1000001b0,8,0xdccbbaa998877665
366096,14,0x80800068,0x1000001e0,8,0x64534231200ffeed
366112,14,0x80800080,0x100000128,8,0xfcebdac9b8a79685
366128,14,0x80800088,0x100000158,8,0x84736251402f1e0d
366144,14,0x80800090,0x100000188,8,0xcfbead9c8b7a695
366160,14,0x80800098,0x1000001b8,8,0x94837261503f2e1d
366176,14,0x808000a0,0x1000001e8,8,0x1c0bfae9d8c7b6a5
392135,15,0x1fffffe10,0x80801018,8,0x8d7c6b5a49382716
392151,15,0x1fffffe18,0x80801048,8,0x1504f3e2d1c0af9e
392167,15,0x1fffffe20,0x80801078,8,0x9d8c7b6a59483726
392183,15,0x1fffffe28,0x808010a8,8,0x251403f2e1d0bfae
392199,15,0x1fffffe30,0x808010d8,8,0xad9c8b7a69584736
392215,15,0x1fffffe48,0x80801020,8,0x4534231201f0dfce
392231,15,0x1fffffe50,0x80801050,8,0xcdbcab9a89786756
392247,15,0x1fffffe58,0x80801080,8,0x554433221100efde
392263,15,0x1fffffe60,0x808010b0,8,0xddccbbaa99887766
392279,15,0x1fffffe68,0x808010e0,8,0x655443322110ffee
392295,15,0x1fffffe80,0x80801028,8,0xfdecdbcab9a89786
392311,15,0x1fffffe88,0x80801058,8,0x8574635241301f0e
392327,15,0x1fffffe90,0x80801088,8,0xdfcebdac9b8a796
392343,15,0x1fffffe98,0x808010b8,8,0x9584736251402f1e
392359,15,0x1fffffea0,0x808010e8,8,0x1d0cfbead9c8b7a6
418193,16,0x80800010,0x1ffffff19,1,0x17
418209,16,0x80800011,0x1ffffff1d,1,0x28
418225,16,0x80800012,0x1ffffff21,1,0x39
418241,16,0x80800013,0x1ffffff25,1,0x4a
418257,16,0x80800014,0x1ffffff29,1,0x5b
418273,16,0x80800015,0x1ffffff2d,1,0x6c
418289,16,0x80800016,0x1ffffff31,1,0x7d
442678,17,0x1fffffe12,0x8080101c,2,0x2918
442694,17,0x1fffffe18,0x8080101e,2,0x8f7e
442710,17,0x1fffffe1e,0x80801020,2,0xf5e4
442726,17,0x1fffffe24,0x80801022,2,0x5b4a
442742,17,0x1fffffe2a,0x80801024,2,0xc1b0
442758,17,0x1fffffe30,0x80801026,2,0x2716
442774,17,0x1fffffe36,0x80801028,2,0x8d7c
467308,18,0x80800010,0x100000118,8,0x907f6e5d4c3b2a19
486400,19,0x80800000,0x1fffffff8,8,0xd2c1b09f8e7d6c5b
490718,20,0x1fffffff8,0x80801000,8,0xd2c1b09f8e7d6c5b
