cycle,event,transaction,operation
1999,issue,0,0
2000,done,0,-
2001,response,0,-
2320,issue,1,0
2321,done,1,-
2322,response,1,-
2360,issue,0,0
2361,done,0,-
2362,response,0,-
2409,issue,1,0
2410,done,1,-
2411,response,1,-
2456,issue,7,0
2457,done,7,-
2458,response,7,-
2495,issue,0,0
2496,done,0,-
2497,response,0,-
2534,issue,6,0
2535,done,6,-
2536,response,6,-
2583,issue,7,0
2584,done,7,-
2585,response,7,-
2630,issue,5,0
2631,done,5,-
2632,response,5,-
2669,issue,6,0
2670,done,6,-
2671,response,6,-
2708,issue,4,0
2709,done,4,-
2710,response,4,-
2747,issue,5,0
2748,done,5,-
2749,response,5,-
2795,issue,3,0
2796,done,3,-
2797,response,3,-
2839,issue,4,0
2840,done,4,-
2841,response,4,-
2886,issue,2,0
2887,done,2,-
2888,response,2,-
2937,issue,3,0
2938,done,3,-
2939,response,3,-
2976,issue,1,0
2977,done,1,-
2978,response,1,-
3027,issue,2,0
3028,done,2,-
3029,response,2,-
3066,issue,0,0
3067,done,0,-
3068,response,0,-
3105,issue,1,0
3106,done,1,-
3107,response,1,-
3153,issue,7,0
3154,done,7,-
3155,response,7,-
3197,issue,0,0
3198,done,0,-
3199,response,0,-
3244,issue,6,0
3245,done,6,-
3246,response,6,-
3295,issue,7,0
3296,done,7,-
3297,response,7,-
3334,issue,5,0
3335,done,5,-
3336,response,5,-
3373,issue,6,0
3374,done,6,-
3375,response,6,-
3412,issue,4,0
3413,done,4,-
3414,response,4,-
3451,issue,5,0
3452,done,5,-
3453,response,5,-
3499,issue,3,0
3500,done,3,-
3501,response,3,-
3543,issue,4,0
3544,done,4,-
3545,response,4,-
3590,issue,2,0
3591,done,2,-
3592,response,2,-
3641,issue,3,0
3642,done,3,-
3643,response,3,-
3680,issue,1,0
3681,done,1,-
3682,response,1,-
5917,issue,2,0
5918,done,2,-
5919,response,2,-
7079,issue,0,1
7091,done,0,-
7092,response,0,-
13058,issue,2,0
13059,done,2,-
13060,response,2,-
14113,issue,0,1
14125,done,0,-
14126,response,0,-
14770,issue,5,0
14771,done,5,-
14772,response,5,-
15655,issue,0,1
15667,done,0,-
15668,response,0,-
16388,issue,6,0
16389,done,6,-
16390,response,6,-
17277,issue,0,1
17289,done,0,-
17290,response,0,-
17916,issue,5,0
17917,done,5,-
17918,response,5,-
18795,issue,0,1
18807,done,0,-
18808,response,0,-
29809,issue,2,0
29810,done,2,-
29811,response,2,-
31245,issue,0,1
31257,done,0,-
31258,response,0,-
38374,issue,2,0
38375,done,2,-
38376,response,2,-
39773,issue,0,1
39785,done,0,-
39786,response,0,-
40544,issue,0,1
40556,done,0,-
40557,response,0,-
41183,issue,4,0
41184,done,4,-
41185,response,4,-
42640,issue,0,1
42652,done,0,-
42653,response,0,-
43453,issue,0,1
43465,done,0,-
43466,response,0,-
44104,issue,2,0
44105,done,2,-
44106,response,2,-
45489,issue,0,1
45501,done,0,-
45502,response,0,-
46188,issue,0,1
46200,done,0,-
46201,response,0,-
46576,issue,1,0
46577,done,1,-
46578,response,1,-
47647,issue,0,1
47659,done,0,-
47660,response,0,-
48291,issue,0,1
48303,done,0,-
48304,response,0,-
59159,issue,0,0
59160,done,0,-
59161,response,0,-
62504,issue,1,0
62505,done,1,-
62506,response,1,-
63190,issue,0,1
63202,done,0,-
63203,response,0,-
67210,issue,2,0
67211,done,2,-
67212,response,2,-
68738,issue,0,1
68750,done,0,-
68751,response,0,-
70090,issue,0,1
70102,done,0,-
70103,response,0,-
70741,issue,0,1
70753,done,0,-
70754,response,0,-
71380,issue,4,0
71381,done,4,-
71382,response,4,-
72506,issue,0,1
72518,done,0,-
72519,response,0,-
73539,issue,0,1
73551,done,0,-
73552,response,0,-
74204,issue,0,1
74216,done,0,-
74217,response,0,-
74713,issue,2,0
74714,done,2,-
74715,response,2,-
76076,issue,0,1
76088,done,0,-
76089,response,0,-
77395,issue,0,1
77407,done,0,-
77408,response,0,-
78022,issue,0,1
78034,done,0,-
78035,response,0,-
78667,issue,4,0
78668,done,4,-
78669,response,4,-
79685,issue,0,1
79697,done,0,-
79698,response,0,-
80717,issue,0,1
80729,done,0,-
80730,response,0,-
81334,issue,0,1
81346,done,0,-
81347,response,0,-
81838,issue,2,0
81839,done,2,-
81840,response,2,-
83116,issue,0,1
83128,done,0,-
83129,response,0,-
84301,issue,0,1
84313,done,0,-
84314,response,0,-
84923,issue,0,1
84935,done,0,-
84936,response,0,-
85303,issue,1,0
85304,done,1,-
85305,response,1,-
86032,issue,0,1
86044,done,0,-
86045,response,0,-
86796,issue,0,1
86808,done,0,-
86809,response,0,-
87389,issue,0,1
87401,done,0,-
87402,response,0,-
106578,issue,2,0
106579,done,2,-
106580,response,2,-
107995,issue,0,1
108007,done,0,-
108008,response,0,-
